题号,Prompt,观看目的,画面检查点,声音检查点,声画关系检查点,声画关系类型,主声源呈现,适用评测项,题面自检,时长(s),画幅
1,做一条10秒的雨后街角短片。镜头从屋檐下的积水看向街口，画面里始终只有同一片水洼和远处的自行车道。开头雨点密集落水，霓虹倒影不停碎开；雨停后屋檐还滴下三四滴，涟漪渐小，倒影慢慢稳定。一辆自行车从远处驶过水洼边缘，轮胎压湿地的轻响接替雨声，水面被带起的小波纹随后恢复平静。不要突然切到晴天，也不要用音乐盖住声音变化。 采用贴近地面的单机位，水洼占前景、街口留在上方三分之一。前半段让密雨成为主声，雨停后留约两秒听屋檐滴水，最后自行车只从背景经过一次。,察觉环境变化,雨停后倒影由晃动转为稳定,雨声渐弱，轮胎声可辨,声音变化与雨势、车经过的时刻对应,声音变化,画外或环境,视觉质量、声音质量、音画同步、整体语义一致、物理合理性,通过,10,16:9
2,做一条10秒的亲子生活短片，近景始终看得到孩子的脸、吹泡圆环和空中的位置。孩子先吹两次，只有气流声，薄膜破掉或留在环上；他停下换一口气，第三次慢慢吹，完整泡泡脱离圆环向上飘，他抬头追着笑。三次尝试要能分清，笑声只在成功后出现。泡泡离开后大小基本不变，不要用配乐替代吹气声。 保持齐孩子胸口的固定机位，圆环始终在脸旁，前两次失败各约两秒，第三次给泡泡完整离环和孩子仰头的连续动作。环境底声很轻，让三口气的长短可比较。,感到一次微小胜利,第三次泡泡完整离开圆环,吹气与笑声自然可听,成功那次的声音和泡泡出现同步,动作同步,画内可见,视觉质量、声音质量、音画同步、整体语义一致、物理合理性,通过,10,16:9
3,拍旧公寓走廊里的10秒小发现。住户从楼梯口听见左前方隔一会儿响一下的金属轻敲，转过墙角时才看见窗边风铃被风推着碰栏杆；镜头保持走廊、窗和人的方向连贯。他伸手捏住松动的风铃挂环，下一次本该出现的敲击没有了，只剩窗外风声。不要提前露出声源，也不要把敲击拍成神秘事件。 镜头从住户右肩后缓慢跟行，转角前只见空走廊和左前方窗光；到窗边再切一处手部近景。敲击间隔保持一致，捏住挂环后的下一次空拍要留出听觉停顿。,看见声音的来源,声音来源最终可见且被固定,敲击声停止,风铃被固定后声音才消失,先声后画,先画外后入画,视觉质量、声音质量、音画同步、整体语义一致,通过,10,16:9
4,拍10秒深夜自助洗衣店，固定中景同时容纳读书的人、唯一运转的滚筒和面板。开头衣物还在匀速翻滚，人没有盯着机器；滚筒逐渐减速，旋转声跟着变慢，到完全停止后面板才亮“结束”并响一次短提示。人听到提示才合书起身，走向机器。最后停在不再转动的滚筒，不要让提示音与机器运转同时持续。 全程使用一处斜侧中景，读者在左、滚筒在右，面板文字始终可辨。前四秒机器仍转，随后逐渐降速，完全停稳后才给提示音和人物反应各留一拍。,体验一段等待,滚筒停止，面板“结束”可读，人物随后起身,转动声渐慢且提示音清楚,文字、提示音与机器停止对应,声音变化,画内可见,视觉质量、声音质量、音画同步、整体语义一致、画面文字,通过,10,16:9
5,做一条10秒的夜间厨房小喜剧。父亲以为家人都睡了，踮脚去取架上的饼干罐，先轻轻旋开金属盖；盖子却碰到旁边瓷碗，发出一声清脆碰响。他定住不动，门外的小孩探头看他，两人对视后同时忍笑。镜头让罐、碗、父亲和门口的相对位置清楚，碰响必须来自盖子接触瓷碗，不要加夸张滑稽音效。 机位设在厨房桌边，罐盖、瓷碗和门口分处前中后景；先给父亲的手部近景，再回到能同时看见门口的中景。碰撞只有一次，父亲停住到小孩探头之间留半秒安静。,理解一件小失误,金属罐盖碰到瓷碗后父亲定住，小孩从门外探头,一声清脆碰响与两人压低的笑声可辨,碰响发生在盖子碰碗时，孩子闻声后才探头,动作同步,画内可见,视觉质量、声音质量、音画同步、整体语义一致,通过,10,16:9
6,拍10秒从排练厅进入空舞台的片段，跟着同一位舞者从门内走到台中央。开头排练厅的音乐和交谈声清楚，她推开厚门时声音仍在身后；门合拢的一刻，音乐变闷并迅速淡去，舞台上只剩她试探的两步鞋底声和短暂回响。她停住，听一秒空场，再开始第一个动作。门内外空间、人物方向和音量变化要连贯，不用字幕或配乐解释。 用一次跟拍越过门槛，不在关门时换场景；排练厅位于人物身后，空舞台在前。0–3秒从门内跟到门外，3–5秒看厚门合拢，5–7秒先给两步带回响的鞋声，她停住后留一秒空场静默，最后才开始试探动作。她的深色练功服和束起的头发全程一致，回响要比后台更开阔。,感到空间变安静,排练厅到空舞台的空间转换清楚,音乐被门隔断，脚步有回响,门关闭是声音转换的明确节点,空间定位,画外或环境,视觉质量、声音质量、音画同步、整体语义一致,通过,10,16:9
7,拍10秒清晨雾中的小码头，固定看得到近处浪线和远处航道的视角。先只有近处海浪和远方一声低船笛，雾里还看不到船；几秒后同一方向出现一盏小渔船灯，船身慢慢显出并靠近码头，发动机声也由弱变清楚。海浪始终留在近处，船笛不要听成从岸边发出。保持平静真实的距离感，不要突然切出大船全景。 固定在码头护栏旁的中远景，近处浪花占下缘，远方航道保持在同一方向。船笛出现时画面仍无船，灯光先于船身显露；发动机声随可见距离渐强，不能忽然贴近。,辨认远近,船灯从雾中显现并靠近,远处船笛与近处海浪层次可辨,远处声音先于船出现且位置合理,先声后画,先画外后入画,视觉质量、声音质量、音画同步、整体语义一致,通过,10,16:9
8,做10秒木工修抽屉的近景记录，镜头同时看见松动隔板、侧面暗槽和木工的手。开始时他轻推隔板，隔板明显晃动；他把一块尺寸合适的小木片沿槽推入，先是连续摩擦声，卡到底时才有一次短促的木质轻响。随后他连续轻拉隔板两次，板子不再偏移，抽屉仍能正常开合。不要用看不见的胶水或突然变形来完成修理。 从抽屉上方斜拍，隔板、暗槽与木片在同一焦平面；推入动作连续完成，不用切镜替代卡入。木片碰到槽底的一声与手停住同帧，随后两次测试都保留完整拉动幅度。,看懂一个机关,木板卡入后隔板不再晃,摩擦声和卡入声可辨,卡入声与固定动作同时发生,动作同步,画内可见,视觉质量、声音质量、音画同步、整体语义一致、物理合理性,通过,10,16:9
9,拍10秒街头双人跳绳练习，保持甩绳者、进场者和绳的完整轨迹在同一侧画面里。第一次进场时绳擦到鞋尖，两人停半拍交换眼神；甩绳者重新数拍，进场者落地声跟着绳触地的节拍进入，连续完成三次清楚的过绳。绳声与落地、起跳一一对应，成功后才有短笑。不要用快切掩盖绳与脚的交错关系。 侧面宽景一直保留绳的最高点和两人双脚，第一次绊绳后停约一秒重新数拍。前3秒交代失误，中间两秒重新起绳，后5秒只完成三次过绳，不加额外花式；绳从甩绳者手中连续运动，每次绳触地、脚离地和落地的先后都听得出来。,欣赏精确配合,失误后完成连续三跳,绳落地节拍清楚,跳跃与绳声节奏一致,节奏绑定,画内可见,视觉质量、声音质量、音画同步、整体语义一致、物理合理性,通过,10,16:9
10,拍10秒博物馆修复室里的八音盒，近景看清盒盖、曲柄和修复师的手。打开盒子后，齿轮转动一小段便卡住，旋律停在一个不完整的音上；修复师先停手，再轻拨偏位的弹片，重新转动曲柄，旋律从断点继续并稳定走完短句。机械轻响要随齿轮实际运动出现，音乐只来自盒内，不另加背景乐，也不要把修复跳成成品展示。 桌面微距固定机位，曲柄在画面左侧、齿轮和弹片居中；卡住时手立即停止，不让旋律继续。修复只做一次拨正，重新转动后完成四五个音，突出同一短句从断裂到连贯。,感到一种好奇,拨动后齿轮顺畅转动,旋律由卡顿变顺畅,修复动作与旋律变化相连,声音变化,画内可见,视觉质量、声音质量、音画同步、整体语义一致,通过,10,16:9
11,拍10秒窗边早晨的安静片段，固定机位看得到热茶、窗外天色和能触到杯子的一只手。开始灰蓝晨光里热气明显上升，窗外逐渐变亮，热气变淡；人回来时先把手停在杯旁，随后端起杯子，瓷底离开木窗台才有一声轻碰。远处晨间环境声始终很轻，结尾留一个空窗台。光线变化要渐进，不要用突然的日夜切换。 以窗台侧逆光近景拍摄，杯子轮廓和热气先清楚，室外仅作柔和背景。天色变化像短时延时摄影，但手与杯子的动作保持正常速度；最后一秒空窗台仍能看到渐亮的光。,捕捉时间流逝,同一窗台、热气和渐亮背景连续可见,自然底声很轻，杯离台时有一声瓷碰,短时延时只作用于天色；端杯仍为正常速度,声音变化,画外或环境,视觉质量、声音质量、音画同步、整体语义一致,通过,10,16:9
12,拍10秒演员候场。固定同一位穿深色演出服的演员，她站在侧幕边，把节目单攥出折痕；帘缝里透进舞台光。台上掌声渐停后，画外报幕清楚念“下一位，林岚”，她确认听到自己的名字才松开纸、深吸一口气，掀帘走入灯光。脚步声从后台的闷响变成舞台回声，节目单始终在她同一只手里。 先用侧幕中近景建立她与帘口的距离，舞台灯从帘缝打在她的侧脸，节目单被攥出折痕；再给手部一处短特写，随她松手回到中景。报幕只念一次她的名字，声音来自舞台方向；她跨过帘线时，后台闷脚步自然变为台面回声，节目单仍留在同一只手里。,呈现克制的紧张,林岚松开节目单、跨帘走入舞台光,掌声停后，画外报幕“下一位，林岚”清楚,念到本人名字后才行动，后台脚步转为舞台回声,语义驱动,画外或环境,视觉质量、声音质量、音画同步、整体语义一致、语音清晰与连贯,通过,10,16:9
13,做10秒客厅里轻松的误会。小狗对着沙发左下方低吼，那里传来断续嗡嗡声；主人先看狗再蹲下，用手电照出被靠垫挡住的小震动玩具。镜头跟着他的视线，让玩具在揭晓前不露全貌。主人伸手按下开关，玩具和嗡嗡声同时停，小狗歪头靠近。保留房间原本安静的底声，不要用恐怖音乐暗示危险。 镜头与狗保持同一高度，沙发左下角在揭晓前只露阴影；手电光从主人手里真实扫入。玩具的嗡声先隔着靠垫偏闷，露出后更清楚，按键动作和停声紧贴在一起。,形成一个反转,沙发底下露出玩具并被按停,嗡嗡声停下,真相出现后声音来源得到解释,动作同步,画内可见,视觉质量、声音质量、音画同步、整体语义一致,通过,10,16:9
14,拍10秒陶艺工坊里的收尾动作，近景始终能看清同一个刚拉好的杯口、转盘方向和陶艺师双手。起初杯沿有细小不平，她将湿海绵轻贴杯口，杯子持续旋转，粗糙边缘在接触处逐步变圆；挤出的少量水沿外壁向下流，不能逆着重力跳动。转盘低鸣持续，海绵擦拭和水滴声只在相应动作时出现。最后她移开海绵，让平整杯口再转一圈。 侧面近景保留杯沿完整椭圆和转盘中心，让海绵接触点随着旋转逐圈变平。海绵离开前水只沿外壁往下，转盘低鸣连续；轻微擦声随接触出现，不制造比真实水滴更响的声音。,记录触感,杯口从粗糙变圆润,海绵水声与转盘低鸣可分辨,擦拭动作与细小摩擦声对应,动作同步,画内可见,视觉质量、声音质量、音画同步、整体语义一致、物理合理性,通过,10,16:9
15,拍10秒空跑道上训练被天气打断的片段。短跑选手站在起点，手里有计时器；远处云层先闪亮，他停下看天，约一两秒后低雷才传来。他听见雷声后收起计时器，跑向看台，第一阵雨点在他离开起跑线后打在跑道上。镜头交代闪电、人物和避雨方向，不要把雷声做成与闪光完全同步，也不要让场地瞬间变成暴雨。 宽景保持跑道起点、远云和看台同侧可见。闪光后选手先抬头，雷声约晚一到两秒到达；他收起计时器再离开，雨点最后才落在空出的起跑线，事件不靠切镜跳过。,表现一次决断,闪电、收计时器、避雨按顺序出现,雷声与雨点声可辨,雷声在闪电后到达且人物反应合理,声光延迟,画外或环境,视觉质量、声音质量、音画同步、整体语义一致、物理合理性,通过,10,16:9
16,做10秒面包房凌晨换班记录，一个中景同时容纳烤箱口和两位师傅。第一位拉开炉门把热烤盘往外推，第二位戴着手套接稳后放到架上；两人交换一个眼神，第二位才把新面团送进炉内，第一位关门。托盘滑轨声、架上的轻碰、炉门合上的一声依照动作先后出现，两人不说话。手套、烤盘和面团在整个交接里保持同一位置关系，不要跳步骤。 固定在烤箱与置物架之间的中景，第一位师傅站左、戴浅色手套的第二位站右，烤盘与面团前后保持可数。0–4秒推出并接稳旧盘，4–7秒放架与交换眼神，7–10秒送入新面团并关门；滑轨、置架、炉门三种声音各只在接触时响。,表现一份默契,烤盘交接与新面团入炉连续,烤箱门、托盘声分明,声音跟随各自动作而非平均铺满,节奏绑定,画内可见,视觉质量、声音质量、音画同步、整体语义一致,通过,10,16:9
17,拍10秒孩子找遥控小车的日常片段，固定草丛在画面左侧，小路在右侧。孩子先停步，听见左边草里细小而连续的马达空转声，转身沿着声音走近；声音随距离变清楚，他拨开草叶，才看到同一辆车的轮子卡在泥里转。孩子关掉遥控器，小车轮和马达声同时停下。不要提前让车露在画面中央，也不要把声源改到右边。 宽景把草丛放左、孩子放右，镜头只随孩子向左轻移。揭开草叶前不露车身，露出后轮子仍原地空转；马达音由远而薄变近而实，关遥控器时轮动与声音同时结束。,听懂方位,孩子沿左侧找到车,马达声从左侧传来,马达声指向实际藏车位置,先声后画,先画外后入画,视觉质量、声音质量、音画同步、整体语义一致,通过,10,16:9
18,拍10秒修鞋铺里比较两种皮面的过程，同一把旧刷子、同一双手、相近的力度。修鞋匠先在硬皮靴鞋面来回刷两下，反光和偏脆的刷擦声清楚；停住后换到深色绒面鞋，刷毛带出方向不同的绒痕，声音变得更闷更软。最后他分别用指腹摸一下两处表面，镜头让材质差异可见。不要用旁白解释，更不要拍成商品广告。 两双鞋始终用同一手、同一刷和相近速度比较，先各刷两下，再给一处绒毛方向的近景。硬皮的短脆声与绒面的闷软声不要同时播放；环境保持安静，便于直接比较。,感受材料差异,两种鞋面材质区别可见,刷动声有可辨差异,声音差异跟随材质切换,声音变化,画内可见,视觉质量、声音质量、音画同步、整体语义一致、物理合理性,通过,10,16:9
19,做10秒登山者走出岩洞的连续跟拍。开头他弯腰穿过狭窄岩道，脚步、衣料和呼吸在洞内形成短回声；出口的亮光逐渐扩大，人物跨出洞口后停半秒，山谷、风吹草地和远处鸟鸣一起进入画面。声音从封闭回响转为开阔环境声的节点要对应跨出洞口，不能在洞内就响起近处鸟群。用真实的空间转换表达开阔，不用宏大音乐。 从人物背后单镜跟行，洞口逐渐从画面上方扩展到全景；人物跨出那一步必须可见。洞内尾音随着出口接近变短，外面的风与远鸟在跨出后进入，停步时脚步声立即止住。,体验突然的开阔,狭窄岩洞到山谷转换清楚,洞内回响转为室外风鸟声,声音空间感在出洞时改变,空间定位,画外或环境,视觉质量、声音质量、音画同步、整体语义一致,通过,10,16:9
20,拍10秒钟表师修怀表，近景始终保留表盘、机芯和他的手。开头秒针走一下停一下，滴答也不规律；他掀开表盖，看见秒针针尖轻擦表盘后，用镊子微微抬正这根秒针，再用指尖轻拨测试。只有秒针不再刮擦后才连续转动，滴答逐渐稳定；他合盖前确认两秒。齿轮大小和怀表外观保持一致，不要用画外配乐掩盖真实的机械声。 微距固定拍同一块表盘与机芯，秒针停顿处和不稳的滴答先保持两秒。镊子只微调同一根秒针，不拆出机芯零件；调整后让秒针连续走过至少三格，滴答随之等距。,看见一次精细修复,同一怀表秒针被微微抬正后连续走动，未拆出机芯零件,滴答由不稳变为等距,秒针不再刮擦后声音才稳定,声音变化,画内可见,视觉质量、声音质量、音画同步、整体语义一致、物理合理性,通过,10,16:9
21,拍10秒安静图书馆里的小误判。读者正在翻页，桌面和杯中的水忽然轻颤，她先看向旁边似乎在敲桌的人，对方双手却放在书上。她抬头望向窗外，隔着玻璃看到施工车从左向右缓缓驶过，低沉震动随车接近变强、远去变弱。她重新低头读书，纸页轻响仍在。不要让室内出现清晰的施工打击声，也不要安排旁人解释。 桌面和窗户在同一中景内，杯水颤动先于读者转头；施工车始终从窗外左向右移动。玻璃隔开的低频震动随车靠近增强、离开减弱，室内翻页声不因镜头转向而消失。,讲一个无声误会,误会由室外车辆解释,隔窗低沉声与纸页声可辨,车辆经过时桌子颤动,空间定位,画外或环境,视觉质量、声音质量、音画同步、整体语义一致,通过,10,16:9
22,做10秒小剧场排练片段，镜头同时看见鼓手和正在走位的演员。开头她只是用手指试探着点鼓边，场上人还零散移动；她抬眼示意后敲出三个分明的主鼓点，演员在第三拍一起停步并接入同一段舞步。先前试探和正式节拍的音量、间隔要分开，群体动作应由听到鼓点触发。不要靠突然切到完整演出来交代配合。 保持鼓手在左、演员在右的宽景，试探的轻敲只占开头两秒，正式三拍之前留一拍停顿。群演衣服与站位固定，第三拍才一起停步，下一拍再进入同一段小舞步；鼓槌每次落点和听到的鼓声一一对应，不靠切到排练完成后的画面跳过调整。,突出节奏转换,三拍后群体动作统一,试探敲击与清晰三拍有区别,群体起舞与第三拍对齐,节奏绑定,画内可见,视觉质量、声音质量、音画同步、整体语义一致,通过,10,16:9
23,拍10秒夜间楼道的小发现。住户在自家门口听见右侧转角后有轻轻的刮地声，先停下听，再沿楼道向转角走近。转角后看到一只空纸箱被穿堂风推着在地砖上慢慢挪动，刮擦声随每次移动出现；他用脚挡住箱子，纸箱停住，刮擦也停。画面保留门、风口和箱子的位置，别加惊悚音效或突然出现动物。 先从门口固定机位拍住户听声，转角后改用同方向的侧面跟拍，避免把右侧声源拍到左侧。纸箱每次被风推动才刮擦，脚挡住后箱体和声音都停，末尾保留风口的轻风声。,拍出轻微悬念,右侧转角后的纸箱被风推动，脚挡住后停下,刮擦声只在纸箱移动时出现,住户先听声再绕角，看见后才挡住纸箱,先声后画,先画外后入画,视觉质量、声音质量、音画同步、整体语义一致,通过,10,16:9
24,拍10秒退潮后的河滩观察，低机位同时看见浅水边界、几颗小石子和两块不动的大石头。小浪退去时带动小石子滚几厘米，细碎碰撞声夹在水声中；一位观察者蹲下，等水再次退开，才捡起滚到脚边的一颗。被捡起的石头不能在下个画面还留在原处，水流方向与石子滚动要一致。没有旁白，让观众自己看懂流动。 低机位固定在河滩上游一侧，水线、两块大石和可移动小石始终同框。第一波退水只滚动一两颗，第二波退后观察者才拾起其中一颗；石碰声被水声部分包住但能分辨。,记录自然力量,小石子随水滚动，大石头不动,水声与石子碰撞有层次,石子声伴随滚动,动作同步,画外或环境,视觉质量、声音质量、音画同步、整体语义一致、物理合理性,通过,10,16:9
25,做10秒父女练纸飞机的家庭片段，镜头保持门框、沙发和两人的相对方向。父亲先示范，纸飞机刚出手便碰门框落地，发出轻微纸碰木声；女儿捡起同一架飞机，调整站位和机头角度，轻轻一送，飞机从门框内侧穿过并落在沙发上。两人先看落点再相视笑。不要让纸飞机在空中突然转弯，也不要把本来很轻的纸张声做成夸张飞行音效。 从沙发侧面拍门框，纸飞机始终是同一架，失败与成功各给一次完整飞行。第一次落地后女儿亲手捡起，调整站位再投；纸撞门框很轻，落沙发的声音也应轻于两人的笑声。,让观众会心一笑,父亲失手、女儿成功的结果清楚,纸飞机声与笑声自然,撞门框声和成功滑行声不同,动作同步,画内可见,视觉质量、声音质量、音画同步、整体语义一致,通过,10,16:9
26,拍10秒鼓队排练，三位成员和领队同在画面里。开头两名老队员节奏一致，新人每轮落槌都稍晚；领队示意停下，不讲长台词，只用脚在地板轻踩四个等距提示点。第二轮新人盯着领队的脚先起手，随后三面鼓齐落，节奏终于合在一起。脚踏声应先于重启的鼓声，并能让人听出新人从慢半拍到跟上的变化。 三面鼓以半圆站位入镜，新人的落槌总在另外两人之后一点，第一次差异要能听出。领队四次踩地等间隔且独立于鼓声；第二轮从同一节奏重新开始，到最后一拍才完全齐落。,听出节拍被找回,领队提示后新人跟上,凌乱鼓点变整齐,脚踩提示与新人的下一拍对应,声音变化,画内可见,视觉质量、声音质量、音画同步、整体语义一致,通过,10,16:9
27,做10秒花园寻鸟片段。老人坐在长椅上用手机播放两声一组的短鸟叫，手机就在手边，声音近而薄；录音停后留半秒安静，树冠右上方传来同样两声一组的真实回应，听起来更远、带一点户外空间感。老人先看手机，再抬头向右找，镜头顺着视线才见到枝头那只鸟。两处声音在音型上相近，在距离和质感上可区分。 老人、手机和树冠在同一宽景建立相对位置，手机鸟叫先近且略薄；停录后留半秒纯环境声。真鸟回应从右上方远处来，镜头跟老人视线抬起后才给鸟的短近景。,辨别真实与录音,老人循右上方鸟叫找到枝头鸟,手机与真鸟均为两声一组；距离和质感可辨,真鸟在录音停半秒后回应,空间定位,画内画外并存,视觉质量、声音质量、音画同步、整体语义一致,通过,10,16:9
28,拍10秒雨天公交站的善意动作，中景看清两名候车者、伞沿和他们脚边的雨水。提重物的人两手都被占着，雨点先落在他的肩和袋子上；旁边乘客看到后把伞慢慢移过去，伞沿先遮住袋子再遮住两人头顶，雨点敲伞面的声音位置随伞移动。被帮助的人察觉后点头，两人站稳等车。不要凭空出现第二把伞，也不要把雨突然停掉。 固定双人中景，雨最初只敲在左边人的肩和纸袋，伞从右向左缓慢移动。伞沿先挡住袋再挡住头部，伞面雨声的位置跟着移动；两人之间的距离只因移伞略微缩小。,表现一次善意,伞移动后两人都避雨,雨点打伞声音稳定,声音空间位置随伞移动合理变化,动作同步,画外或环境,视觉质量、声音质量、音画同步、整体语义一致,通过,10,16:9
29,做10秒简洁的卡通机器人短片，固定圆桌两边各一名机器人和桌上的路线屏。轻快声线的机器人指向左路，说一句短理由，只有它的嘴灯亮；低沉声线的机器人等它说完再指右路，自己的嘴灯才亮。屏幕显示两条路汇合处的中间通道，两人互看并同时点头。声音归属、灯光和指向不能交换，争论应像真实讨论而非长篇说教。 左右两名机器人的灯色和声线从头到尾固定，路线屏保持在画面中央；左机身是暖黄色、右机身是灰蓝色。开头左方先说“左边近，但要过施工区”，右方等灯熄后再说“右边慢一点，却能直接到门口”；屏上两线逐渐汇合，最后两秒才给他们互看、点头的反应。,看懂谁在说话,两机器人、灯色、指向与路线屏位置不交换,先后两句理由与两种声线清楚,各自说话时对应嘴灯亮，汇合路线后才点头,语义驱动,画内可见,视觉质量、声音质量、音画同步、整体语义一致、语音清晰与连贯,通过,10,16:9
30,做10秒旧录音磁带被重新听见的片段，避免唱片播放。小型录音资料室里，顾客交给店员一盘贴着手写日期的旧磁带；店员装入同一台卡带机，按播放后先只听到持续底噪和断续卡顿，他暂停、清理可见的磁头，再按播放。底噪仍轻轻存在，磁带里终于传出一句清楚的童年祝福，顾客听见后抬眼笑。修复动作与声音改善要有先后，不要插入爵士音乐。 桌面斜侧近景始终能看到旧磁带标签和同一台机器，清洁磁头只用一支棉签完成。第一次播放的祝福仍断续听不清，第二次只说“祝你生日快乐”；两次底噪保留同样质地，变化来自可见操作。,享受一次意外发现,同一盘磁带经过暂停清理后重新播放，顾客听见祝福后抬眼,底噪和卡顿在清理后减轻，童年祝福语句可辨,声音改善只发生在清理磁头并重新播放之后,声音变化,画内可见,视觉质量、声音质量、音画同步、整体语义一致、语音清晰与连贯,通过,10,16:9
31,拍10秒洞穴导览，镜头随游客的灯光扫过脚边和高处石壁。游客先听见洞内一声带回响的滴水，低头照地面却找不到水；导览员轻指上方，灯光沿石壁上移，才看到高处石盆的水珠悬在边缘。下一滴落入盆中时，画面和清亮水声对应，回响随后散开。不要让声音听成从游客脚边发出，也不要用旁白直接揭晓。 灯光从游客脚边沿石壁缓慢上扫，高处石盆与地面保持同一洞穴方位。第一滴只听到声音，下一滴在镜头稳定后可见落入盆中；清亮撞水声先到，短回响随后散开。,体验方向误判,真正滴水点在头顶被发现,水滴声与洞穴回响可听,再次滴水与头顶石盆画面对应,先声后画,先画外后入画,视觉质量、声音质量、音画同步、整体语义一致,通过,10,16:9
32,拍10秒火车站重逢，不用闪回。广角先交代女生从画面左侧拖箱前行，朋友从右后方人群中出现，两人看见彼此后都放慢脚步；切近景时服装、发型、手里的行李和行进方向保持一致。她停下箱子，两人短暂对视才拥抱，行李轮声在停步时停止，远处报站声持续但不盖住一声轻轻的招呼。不要凭空换站台或突然出现拥挤围观。 用站台柱和地面导向线作共同空间参照，先以宽景建立两人相向的路线，中间只切一次双人近景。女生穿浅色外套并始终从左向右，朋友穿深色外套从右后方靠近；行李箱始终在她右手，停步后轮声止住。招呼只一句“你到了”，拥抱前留半秒对视，镜头不跳到另一站台。,表现重逢的停顿,两人从辨认到走近，近景仍是同两人,报站背景和行李轮声可分,相遇时轮声停止，情绪留白,动作同步,画内画外并存,视觉质量、声音质量、音画同步、整体语义一致、人脸一致性、语音清晰与连贯,通过,10,16:9
33,做10秒裁缝铺里的旧大衣修补记录。近景先看见少一颗扣子的扣眼和裁缝手上的同款扣子，针线从内到外穿过布料两三次，他拉紧线结后用小剪刀剪断线头。镜头拉到能看清整件大衣，他把它挂起，衣架碰金属挂杆有一声轻响。布料摩擦、剪线和挂衣声依次出现，不用旁白和背景乐；扣子不能在缝完前就固定好。 近景从衣服内侧看针线两三次穿过扣眼，扣子未缝牢前一直由裁缝扶住。剪断线头后才拉到大衣全貌，挂杆位于人物右后方；挂衣碰响是最后一个明确的动作声。,展现手艺的节奏,扣子缝牢，大衣挂起,布料、剪线、衣架声分明,每种声音对应正确动作,动作同步,画内可见,视觉质量、声音质量、音画同步、整体语义一致,通过,10,16:9
34,拍10秒安静画室里的短暂分心。画家面对同一组静物，铅笔有规律地划过纸面；窗外左侧传来小号练习的四音短句，第二音明显偏低，她恰在这一音停笔、抬头看窗。画外演奏者停一拍后重吹同一短句，这次第二音回到正确音高，她才笑着继续画线。镜头不拍演奏者，声源始终在窗外。 固定室内中景，画纸占前景、窗在左后方，铅笔与画外喇叭声分处不同距离。错误音设为短句的第二音，画家此刻停笔；窗外重复同一句并吹准后，她才继续画线。,呈现被打断的专注,画家在错误音处停笔，重奏正确后续画,窗外四音小号短句第二音先偏低、后修正,停笔和续画分别对应两次第二音,声音变化,画外或环境,视觉质量、声音质量、音画同步、整体语义一致,通过,10,16:9
35,做10秒河边找回玩具船的片段。小朋友站在岸左侧，看着同一只红色小船顺水向右漂，船被一根斜伸的树枝暂时挡住；家长从岸上伸长柄网，先入水再从船下托起，船离水时只起一小片水花。家长把船交还，小朋友抱在胸前。镜头一直交代水流方向、树枝、网和船的位置；河水声持续，不要用大浪或突然的跳切解决问题。 沿河岸的侧面跟拍维持小船始终向画面右侧移动，树枝、网杆和孩子在前后景都可辨。网入水后从船下方托起，不让船穿网或跳到岸上；船离水时才有一小声溅水。,看见失而复得,同一只红船被带走又捞回,河水与捞起水花可听,水花发生在网离开水面时,动作同步,画外或环境,视觉质量、声音质量、音画同步、整体语义一致、物理合理性,通过,10,16:9
36,拍10秒小广场从清静到热闹的早晨。固定宽景保留左侧扫地人、中央练太极的空地和右侧早餐摊。开头只听竹扫帚划地，一两位练习者慢慢走入中央；右侧卷帘门被拉起，金属声响完后摊主才轻声招呼顾客。新的声源随着相应人物进入画面，而不是同时铺满声音。光线保持同一清晨，不做时间跳跃。 一处固定宽景不做清晨延时，左侧扫帚、中央空地、右侧摊位依次被激活。先有扫地声，再有人走入，最后卷帘门升起；招呼声在门完全打开后出现，三处声源位置分明。,感受声音逐层出现,三个声源及其人物依次出现,扫帚、卷帘门、招呼可区分,每个新增声音都有可见或合理画外来源,空间定位,画外或环境,视觉质量、声音质量、音画同步、整体语义一致,通过,10,16:9
37,拍10秒空场溜冰练习，低机位跟着同一位初学者和前方两个标志桶。开始他屈膝不稳，左右脚推进不均，轮子与地面有断续的擦声；他稳住上身、调整重心后连续滑过两个桶，轮声变成较均匀的滚动。镜头保留轮子实际接触地面和完整绕桶路线，不用加速剪辑掩盖平衡变化，结束时他自然减速回头。 低机位跟拍时两个标志桶始终保持前后顺序，初学者从同一侧依次绕过。前段断续轮声对应左右摇晃，稳住后变成连续滚动声；末尾减速依靠脚步和重心，不靠慢动作。,体验节奏忽快忽慢,从摇晃到稳定绕桶的动作连续,轮声由断续变顺畅,轮声变化跟随平衡变化,声音变化,画内可见,视觉质量、声音质量、音画同步、整体语义一致、物理合理性,通过,10,16:9
38,做10秒搬家过窄门的生活片段，中景让长桌、门框和两位搬运者始终在同一空间。第一次推进时桌角轻碰门框，他们停下；站在门外画面左侧的人说“我这边再低一点”，自己把左侧桌脚放低，门内同伴配合托稳另一端，二人同时旋转桌面，桌角终于越过门框。碰撞声只在接触时出现，对话要先于调整动作，最后桌脚轻落地。不要让桌子穿门或突然缩小。 桌面与门框同时在侧面中景内，桌角第一次碰门框时两人都停住。门外左侧的人说完后放低自己手边的桌脚，镜头仍能看到这只左侧桌脚；前四秒尝试与碰撞，中间三秒放低并转桌，末三秒让桌角越过门框、桌脚轻落地。两人始终扶住同一桌的两端。,记录现场的小协作,门外画面左侧的人放低自己手边的桌脚，桌角越过门框,“我这边再低一点”与碰框、落地声清楚,口头说明先于左侧桌脚调整，门内同伴同步托稳,语义驱动,画内可见,视觉质量、声音质量、音画同步、整体语义一致、口型同步、语音清晰与连贯,通过,10,16:9
39,拍10秒黄昏麦田边的寻声片段。镜头沿田埂向一辆停着的拖拉机走，先听到前方断续的四音口琴练习，尚看不到人；靠近后看见同一名年轻人坐在车旁。他把第三音吹得明显偏低，于是停下自嘲地笑，再从第一个音重来并把第三音吹准。口琴声随距离由远变近，始终来自拖拉机旁。 田埂上向拖拉机缓慢推进，口琴只来自画面前方同一处，不在切近景时突然变成录音棚音质。错音后留一口气的停顿，再从原短句第一音重来，练习感比完整演奏更重要。,在远处找到主角,镜头最后找到拖拉机旁的同一位吹口琴者,四音句第三音先偏低，重来时吹准,声源距离与镜头推进相符，错音引发停顿,先声后画,先画外后入画,视觉质量、声音质量、音画同步、整体语义一致,通过,10,16:9
40,做10秒公园放风筝的连续动作。宽景保留拿线轴的人、树梢和同一只风筝；风突然变弱，风筝鼻尖下沉，线开始松。人向后退两步收紧线，下一阵风使树叶和衣摆先动，风筝才被托起；线重新绷紧时可听到轻微颤声，他抬头松口气。风、线和风筝的受力变化按因果发生，不加神奇光效或不可能的垂直瞬移。 宽景维持风筝、线轴与树梢之间的三角关系，弱风时衣摆也先静下来。人后退收线后，树叶与衣摆先被新风带动，风筝随后升起；细线由松到紧的变化要连续。,表现轻巧的转机,风筝下坠后被风托起,风、线颤和呼气声可听,风增强与风筝回升相连,动作同步,画外或环境,视觉质量、声音质量、音画同步、整体语义一致、物理合理性,通过,10,16:9
41,拍10秒两位朋友教简单路线棋的近景。桌上是四乘四棋盘，只有带蓝点的空格可以落子；朋友拿白色示例棋放到左上蓝点，说“先走这一步”，随后把示例棋收回。新手才拿起自己的红棋，移到第二行第三列的另一个蓝点落下，听到清楚的一声棋子碰桌，朋友点头。镜头能同时看见棋盘、两人的手和两个蓝点，示范与新手操作分开。 俯斜近景保持棋盘格坐标可辨，朋友的示例棋子和新手手里的棋子用不同颜色。示例放下、讲解、收回之后，新手才移动自己的棋子；只给新手落子一声清晰碰响。,说明规则被理解,白示例棋先落左上蓝点又收回，红棋落第二行第三列蓝点,“先走这一步”与新手落子声清楚,新手操作在示范之后，棋子均落合法蓝点,语义驱动,画内可见,视觉质量、声音质量、音画同步、整体语义一致、口型同步、语音清晰与连贯,通过,10,16:9
42,做10秒有手工质感的定格动画，桌上始终只有红、蓝、黄三个纸球和同一只木盒。先是红球滚入，木琴响第一个音；蓝球随后沿另一条纸折痕滚入，前两音连续出现；黄球最后落入，形成完整三音短句。每个音都在对应纸球碰盒底时发出，球进盒后不能又出现在桌面。镜头保持简洁，能看清纸张边缘和逐帧移动，不叠歌词或复杂图案。 顶视固定机位让三条纸折痕与木盒同时可见，红、蓝、黄纸球分别从三处出发。每球落盒后都留在盒里，三个木琴音按进入顺序组成短句，中间不插额外敲击。,让抽象概念可感,三个纸球依次入盒,三个木琴音构成短句,每个入盒动作触发一个新音,节奏绑定,画内可见,视觉质量、声音质量、音画同步、整体语义一致,通过,10,16:9
43,拍10秒乌鸦取果实的小型自然观察。固定侧面看清窄口水窄罐里只差少许就能够到的水位、漂浮果实、乌鸦和地上一颗小石子。乌鸦先伸喙够不到，才拾石投入罐中；石子真实落到底部，水面上升一点，果实被抬到可触及的高度，它再次探喙才啄到。入水声对应石子落水，喙碰罐口的轻响不能替代水声。不要让水位突然暴涨或果实穿过罐壁。 固定侧面近景保留罐口、水线和地面石子，乌鸦先探喙失败再投石。石子入水只使水位上升少量，果实随水面缓慢升高；再次探喙与啄到之间没有隐藏切镜。,看见动物的判断,水面升高，果实靠近罐口后被啄到,石子水声和啄取声可听,入水声、水位变化和啄取按顺序,动作同步,画内可见,视觉质量、声音质量、音画同步、整体语义一致、物理合理性,通过,10,16:9
44,拍10秒炎热修车铺的短暂歇息。修车人推开店门，门边旧车牌被涌入的风吹动，先发出两下薄金属碰响；室内风扇转速变慢停了一瞬，他抬头确认，再拍一下松动的开关，风扇重新转动。他坐下喝口凉水，车牌在门边还轻轻晃。镜头交代门、牌、风扇的位置，金属声和风扇低鸣各有来源，不用夸张口渴音效。 用门框把车牌与室内风扇分成前后景，开门带来的风先使车牌碰两次，随后才注意到风扇停转。修车人拍开关只一次，扇叶由慢到快，金属尾音与风扇低鸣彼此分开。,营造一刻舒适,门开、车牌晃、风扇重启、人物喝水,金属牌和风扇声层次清楚,风扇转动与电机声音同步,声音变化,画内画外并存,视觉质量、声音质量、音画同步、整体语义一致,通过,10,16:9
45,做10秒露天球场边的对话片段，保持说话的两人和后方铁路线方向清楚。两人开头能正常交谈；一列火车从远处驶近，一人说到半句时轮轨声升高并真正盖住后半句，他不得不停下。火车驶离后声音回落，对方问“你刚才说什么”，两人靠近一点笑着重说。火车的位置、声音强弱和听不清的时刻要对应，不用字幕替观众补出被盖住的话。 一处侧面中景同时交代谈话者与后方铁路线，火车从画面左后方进入、经过、驶离各有可见位移。被遮住的原话是“明天我们在……见”，省略处必须真的听不清；轮轨声从后景升到前景并压过人声，再随车离开回落。对方此后才问，并听到重说“明天我们在球场见”。,体验声音被遮住,火车从后方驶近再驶离，二人停说后重说,“明天我们在……”后半句确被轮轨声遮住；重说为“明天我们在球场见”,声音盖住原话的时刻与火车最靠近一致,空间定位,画外或环境,视觉质量、声音质量、音画同步、整体语义一致、口型同步、语音清晰与连贯,通过,10,16:9
46,拍10秒雨棚下的街头手鼓即兴。街头艺人先敲一个简短的四拍，旁边金属桶接到雨滴，恰好在空拍位置发出两声较亮的滴答；他先停手看桶，再依照雨滴间隔补出下一轮节奏。镜头同时看得见手鼓、桶和雨滴，鼓声厚、桶声亮，不能把雨滴做成机械精准的鼓机。结尾让他笑着完成一轮，而不是突然切到大型演出。 中景让手鼓在左、金属桶在右，雨滴不会每次都精准落在空拍；艺人听到两声偶然滴答后才模仿其间隔。最后一轮仍能分辨厚的鼓面声和亮的金属滴声。,感受雨中的节拍,艺人听到桶声后改变节奏,手鼓与桶上雨滴可辨,雨滴落桶的节拍被艺人接入,节奏绑定,画内可见,视觉质量、声音质量、音画同步、整体语义一致,通过,10,16:9
47,做10秒森林步道寻啄木鸟的连续跟拍，前景徒步者和一棵明显弯曲的树作为位置参照。开头细碎敲击来自前方偏左，鸟被树干挡住；徒步者绕过弯树，声音逐渐变近，才看到同一只啄木鸟停在后方直树的同一侧连续啄木。镜头不要在绕树后改变鸟的位置，敲击要与喙接触树干同步，背景保留很轻的风叶声。 弯树始终作为画面左侧参照，徒步者绕树后摄影机只小幅向右跟移，不能瞬间换到鸟的另一侧。啄击最初从前方偏左传来，见到鸟后每次喙碰直树都对应一声。,辨认距离变化,从远到近找到同一只鸟,啄击声随距离变清楚,音量变化与镜头位置相符,先声后画,先画外后入画,视觉质量、声音质量、音画同步、整体语义一致,通过,10,16:9
48,拍10秒两种音色隔窗接话。室内陶笛演奏者面向窗户吹出C大调“C5–D5–E5–C5”四音短句，最后一音收住后，楼下传来口哨准确模仿结尾“E5–C5”两个音。演奏者先放下陶笛再推开窗，才看见正在扫地的清洁工抬头挥手。陶笛与口哨的音高关系可比较，音色和远近仍不同，口哨始终来自楼下同一人。 室内先给陶笛演奏者的手和窗，窗外清洁工在推窗前不入画。前四秒陶笛奏完四音，中间两秒隔窗传来口哨回应，后四秒放下乐器、推窗并看到清洁工。两段保留相同后两音，但音色明显不同；口哨声从楼下传来，不随着开窗变成室内声。,发现画面外的一件事,楼下清洁工在推窗后出现,陶笛C5–D5–E5–C5与口哨E5–C5可辨,口哨接在陶笛收音后，来自楼下同一人,先声后画,先画外后入画,视觉质量、声音质量、音画同步、整体语义一致、音高准确,通过,10,16:9
49,做10秒速写纸被风吹走又找回的街头片段。画画的人坐在长椅左端，纸被一阵风掀起，沿地面向右滑入椅下；镜头跟着纸，不让它凭空换方向。路人先用鞋尖轻挡住纸，再弯腰捡起递回，画画的人接过说一声“谢谢”。风声先增强，纸擦地声随移动出现，鞋挡住纸后刮擦停止。保持温和日常，不用追逐配乐。 沿长椅的侧向跟拍让纸始终从左向右滑，路人的鞋先停在纸前再轻挡住。纸摩擦声随位移缩短，捡起时只剩纸张轻响；接回原纸后画家才能说谢谢。,表现一场小型救援,纸从画板到长椅下再被挡住捡回,风、纸摩擦和道谢可听,纸移动与风声强弱对应,动作同步,画外或环境,视觉质量、声音质量、音画同步、整体语义一致、物理合理性,通过,10,16:9
50,拍10秒厨房里等待舒芙蕾的片段，镜头看见烤箱玻璃、计时器和厨师的手。烤箱内的小蛋糕缓慢鼓起，计时器响一次；厨师看见它仍在上升，没有立刻开门，等表面稳定后才戴手套拉门，热气轻轻出来，再小心取出。计时器响和开门之间要有可见等待，烤箱低鸣、提示音和门轴声各在对应时刻出现，不加心跳声或成功欢呼。 烤箱玻璃与计时器在同一近景内，响铃发生在蛋糕仍略微升高时，厨师看着它停稳后再开门。开门前戴手套的步骤不省略，热气只在门缝打开后出现，炉内低鸣持续到取出。,体验几秒钟的悬念,舒芙蕾稳定后才开门取出,计时器与烤箱底声可听,计时器响后仍有短暂停顿,动作同步,画内可见,视觉质量、声音质量、音画同步、整体语义一致、物理合理性,通过,10,16:9
51,做10秒生日聚会散场后的暖心收尾。镜头先扫过已空的桌面和门口，主人一个人把散落纸杯逐个叠起，房间只听见杯壁轻碰和远去脚步；朋友从门外探头说“我留下帮你”，主人停手看他，随后把手中的一摞杯子递过去。两人开始一起收拾，纸杯声变成两人交替的节奏。不要让刚离开的人群又突然回到房间，也不要继续播放热闹生日歌。 室内固定中景保留门口与桌面，主人穿浅色毛衣，朋友穿深色外套，开头杯子尚散放、最后才叠成一摞。前四秒主人独自整理，朋友从门口探身后才走到桌边接过杯子；前半段只有一个人的纸杯轻碰，后半段变成两处交替声，远去脚步不应突然变成回来的整群人。,让一句话改变气氛,朋友返回并接过收拾工作,一句对白和纸杯声清楚,对白后主人才有反应,语义驱动,画内可见,视觉质量、声音质量、音画同步、整体语义一致、口型同步、语音清晰与连贯,通过,10,16:9
52,拍10秒兽医诊室里建立信任的小片段。运输箱放在桌上，紧张的小猫缩在箱内，主人坐在旁边不伸手强拉；医生蹲到箱口同一高度，把手静静放在门边。小猫先只露鼻尖，闻两下后才把头探出，发出很轻的呼噜，主人这时放松地笑。镜头要看得见箱门、手和猫的距离，呼噜声不能在猫仍躲在最深处时就响起，不出现注射或突然惊吓。 镜头与运输箱门平齐，医生的手放在箱口右侧而不伸进去，主人始终坐在左后方。小猫先闻手再探头，呼噜只在靠近医生后轻轻出现；整体光线柔和但保持诊室真实感。,记录人与动物的信任,猫主动探头，医生保持等待,轻微呼噜和人物呼吸可听,呼噜发生在猫放松后,动作同步,画内可见,视觉质量、声音质量、音画同步、整体语义一致,通过,10,16:9
53,做10秒旧放映室内的光线小实验。镜头同时容纳投影幕、遮光帘和靠窗的胶片盒；放映机一直运转，画面起初清楚。有人拉起帘子，帘环滑动声后午后阳光照到胶片盒与幕边，投影对比度逐渐变淡；他看到后放下帘子，光线退去，投影又清晰。放映机声始终连续，不要把影片内容突然换掉，也不要让帘子未动就发生曝光变化。 固定广角同时保留投影幕、遮光帘和胶片盒，投影画面中的同一帧图像不能凭空改变。帘子拉起时窗光从左侧逐步侵入，帘环滑声先于对比度下降；放下后按相反顺序恢复。,感受光线转场,拉帘与投影明暗变化清楚,帘环与放映机声可辨,光线变化跟随遮光帘位置,声音变化,画内可见,视觉质量、声音质量、音画同步、整体语义一致、物理合理性,通过,10,16:9
54,拍10秒清晨渡口离岸过程，宽景一直看得到木桩、系船绳、船尾和岸边。船员先解开绳并收回船上，发动机启动时短促地咳嗽两声，随后低鸣稳定；船才慢慢离开木桩，水面在船尾出现小波纹。绳没解开前船不能移动，发动机声从不稳到稳定应和船的运动对应。最后木桩留在画面近处，船身与岸的距离逐渐拉开。 岸上斜侧宽景始终能辨认系船绳绕过近处木桩，船员解下后把整段绳收回船尾。发动机两声不稳启动后才变成均匀低鸣；船尾水纹随离岸距离增大，不让木桩位置跳变。,感受机械启动,解绳后船才离岸,发动机由卡顿变稳定,船运动始于发动机稳定之后,声音变化,画内可见,视觉质量、声音质量、音画同步、整体语义一致、物理合理性,通过,10,16:9
55,做10秒办公室里的轻松反差。主管坐在整齐的桌前，把三份文件对齐，安静到只剩纸张摩擦；抽屉里忽然响起一段俏皮铃声。他先看电脑，再循声拉开右侧抽屉，发现是孩子的小玩具在闪灯，按掉后铃声停下，他自己也笑。镜头交代声音来自抽屉，玩具不能在打开前就露出；笑点靠声音和表情，不加观众笑声或滑稽配乐。 以桌面为前景、主管脸和右侧抽屉为中景，铃声初听较闷，拉开抽屉后变清楚。玩具灯与铃声同一节奏闪，按掉后房间回到纸张摩擦声，笑容稍后才出现。,制造一个温和反差,声音来源最终是抽屉玩具,俏皮铃声清楚,玩具出现时解释此前铃声,先声后画,先画外后入画,视觉质量、声音质量、音画同步、整体语义一致,通过,10,16:9
56,拍10秒院子里祖孙给旧自行车打气。宽一点的近景同时看见打气筒、软塌的前轮和两双手。孩子独自压手柄，压不到底；祖父扶稳底座，说“再来一下”，两人一起下压两次，泵气声只在活塞运动时发出。轮胎外形逐步变饱满，祖父松手后孩子轻捏轮胎确认。不要一压就变成全新的车，也别让气管与轮胎断开。 侧面近景把软塌前轮、气管接口和打气筒底座同时放入画面。孩子第一次压不到底，祖父扶稳后两次完整下压；每次下压过程中才有短泵气声，压到底时结束，轮胎仅逐渐鼓起。,突出共同完成,孩子尝试后祖父扶稳，前轮逐渐鼓起,短泵气声只在每次下压过程中出现,两次完整下压分别对应两次泵气声,语义驱动,画内可见,视觉质量、声音质量、音画同步、整体语义一致、口型同步、语音清晰与连贯,通过,10,16:9
57,做10秒隔着玻璃门教节拍的片段。镜头站在教室内，老师在玻璃门外，孩子们在门内看他的手势；开头老师拍手能看清接触，但传进教室的声音闷且轻，孩子们拍得参差。老师拉开门走进去，下一次拍手立刻清亮许多，他用同一速度再拍两下，孩子们逐渐跟齐。门的开合、音色变化和拍手动作必须一致，不要靠更换音乐制造“变清楚”的效果。 固定机位从教室内隔着玻璃门看见两侧人物，门闭时老师拍手可见而声响偏闷。0–3秒两次示范仍参差，3–5秒老师推门进入，随后以相同速度再拍两下，下一拍声音立即变亮；孩子们先参差，末两拍才逐渐齐。门框始终作为声音隔挡与否的可见参照。,展示一道声音边界,机位始终在教室内，玻璃门从关闭变为打开,隔门拍手偏闷，老师进门后同速拍手变清晰,每次掌声对应可见的双手接触，变化与开门同步,空间定位,画内画外并存,视觉质量、声音质量、音画同步、整体语义一致,通过,10,16:9
58,拍10秒台风将至时固定阳台上一张画的过程。画纸压在桌上，第一阵风掀起右角，屋主从室内出来先按住那一角；左角随更强的风又翘起，他取两只夹子依次扣住两边。每扣住一次有短促塑料轻响，纸张拍桌声随松动角减少，最后整张纸稳住而背景风仍在。镜头保持纸、桌、门和双手连贯，不让画纸突然自动贴平。 从室内朝阳台的宽景固定拍纸与门，第一阵风先掀右角，第二阵才掀左角。两只夹子颜色不同且依次扣上，拍纸声随被固定的角减少；结尾纸稳而窗外风仍持续。,让观众替人物着急,两只夹子最终固定住纸,风声增强与夹子声可听,夹子声准确落在扣合时,动作同步,画外或环境,视觉质量、声音质量、音画同步、整体语义一致、物理合理性,通过,10,16:9
59,做10秒相邻练习室的音乐回应。小提琴手在左边房间拉出C大调“C4–D4–E4”三音短句，琴弓停下后，隔墙右边房间的钢琴回应“E4–D4–C4”三音。他转头推开相连的门，镜头交代两间房和钢琴手的位置；最后两人同时奏中音C（C4）作为同一个收尾音。两人触键、拉弓才出声，声音仍带有各自房间的空间感。 先从小提琴室中景看完约三秒短句，琴弓停下、留半秒空隙后，隔墙钢琴才回三个音；推门时两间房的方位不互换。门开后只给两人一处短双人镜头，最后的共同收尾音只在两人真正触键、拉弓时进入，房间混响仍可区分。,表现音乐中的对话,小提琴手与钢琴手分处左右两室，开门后相遇,提琴C4–D4–E4、钢琴倒序回应和同音高C4收尾可辨,回应在提琴停后，收尾在两人触键和拉弓时,节奏绑定,画内画外并存,视觉质量、声音质量、音画同步、整体语义一致、音高准确,通过,10,16:9
60,拍10秒清晨十字路口的停与走。固定视角清楚看见信号灯、人行线和清洁车的路径；人行横道红灯亮后，行人和沿人行道骑行的自行车逐步停在等待线内，此时清洁车通行方向为绿灯，喧闹声降低，这时一辆清洁车从空出的道路缓缓经过，刷头贴地发出低而连续的摩擦声。它走远后人行横道绿灯再亮，人群才重新穿行，街声回升。不要让人逆着信号移动，也不要让清洁车与人群互相穿透。 固定路口高一点的宽景，人行线在前、清洁车路线在后，信号灯始终清晰可辨。人行横道红灯后人群陆续停，刷头声随着车横穿逐渐由左到右，车远去后人行横道绿灯才亮、街声才回升。,感受城市突然安静,行人与自行车在人行横道红灯后停下，清洁车按其方向绿灯通过,清洁车刷头声随其横穿由左到右,清洁车走远后人行横道绿灯亮，人群才穿行,声音变化,画外或环境,视觉质量、声音质量、音画同步、整体语义一致,通过,10,16:9
61,做10秒旧望远镜重新派上用场的片段。年轻人从磨旧的背包里拿出同一架带旅行贴纸的望远镜，先擦去镜片灰尘，再慢慢转动调焦轮；镜头可短暂给出由模糊到清楚的主观视野，远处同一只鸟从枝头起飞。调焦摩擦声和远处鸟鸣保持真实距离，贴纸和镜筒外观前后一致。不要用回忆蒙太奇替代当下这次重新看清。 望远镜的旅行贴纸从取出到举起保持同一位置，调焦轮只转一段。主观视野先模糊地保留同一枝，再随转轮逐渐清楚，鸟起飞后才有远处一声鸟鸣。,从细节认识人物,望远镜被清理后用于看鸟,擦拭、调焦、鸟鸣层次清楚,调焦后人物才看清目标,动作同步,画内可见,视觉质量、声音质量、音画同步、整体语义一致,通过,10,16:9
62,拍10秒商场扶梯前孩子第一次自己迈上去。中景让扶梯入口、移动台阶、孩子双脚和母亲的手都看得见。孩子先试探着伸脚又缩回，母亲站在一旁不拉他，轻声数“一、二”；第三个台阶到达时孩子自己跨上，双脚站稳后回头露出得意表情。扶梯机械声持续，脚落在台阶上的轻响对应真正迈入的瞬间，不加鼓掌或成功音效。 侧面中景保留扶梯入口连续到来的台阶，母亲始终站在孩子身后半步。前两次伸脚又收回各对应一阶，数到二后第三阶抵达才迈入；机械底声不停，脚碰台阶只响一次。,呈现短暂犹豫,孩子自己迈上扶梯,数数与扶梯机械声可听,迈步发生在数完之后,语义驱动,画内可见,视觉质量、声音质量、音画同步、整体语义一致、口型同步、语音清晰与连贯,通过,10,16:9
63,做10秒水族馆幕后放鱼入缸的记录。透明鱼袋已在缸水里静置，饲养员双手托住袋底，先打开袋口并让袋口贴着水面，少量缸水缓慢流入袋内；同一条小鱼随后从始终敞开的袋口自行游出，最后停在缸中一块石头旁。镜头始终能辨认鱼袋、鱼和石头的位置，水面轻响和气泡只在倾斜时出现。不要用突然剪切让鱼凭空消失。 透明鱼袋、袋口和缸中石头一直在同一正侧面镜头里，先让水缓缓入袋，再让鱼主动游出。袋口打开并完成少量水交换之前鱼仍在袋内；水面声很轻，气泡只在水交换处出现。,看清一次交换,袋口先打开并贴水面，少量缸水入袋后鱼自行游出,水面轻响与气泡只在水交换时出现,鱼从已打开的同一袋口游出，没有跳切,动作同步,画内可见,视觉质量、声音质量、音画同步、整体语义一致、物理合理性,通过,10,16:9
64,拍10秒桌边修旧收音机，画面持续看见同一台收音机、老人的手和旋钮。起初他转动旋钮两次，只听到宽频杂音和零碎人声，便停下来仔细微调；杂音逐渐退到背景，天气播报的第一句终于清楚。他立刻停手，听完这一句才露出认出的神情。转旋钮时的声音变化要连续，播报声只来自收音机，不加怀旧配乐或突然插入车内场景。 桌面近景同时容纳旋钮与收音机扬声口，旋钮的两次大幅转动先只有噪声，随后小幅微调才出现清晰播报。天气句子固定为“今天傍晚有小雨”，老人听见清楚播报开头便停止转动，随后听完整句。,表现耐心的回报,微调旋钮后同一收音机播报变清楚,天气句“今天傍晚有小雨”完整可辨，底噪逐渐减弱,播报开头清楚时停手，听完整句后才露出反应,声音变化,画内可见,视觉质量、声音质量、音画同步、整体语义一致、语音清晰与连贯,通过,10,16:9
65,拍10秒雪地里狐狸与乌鸦的短暂相遇。宽景交代狐狸在地面右侧、乌鸦在左前方低枝，二者距离始终清楚。狐狸踩雪慢慢接近，脚步声低而闷；乌鸦先转头观察，待狐狸靠近才猛地振翅离枝，响亮翅声打断安静。狐狸停住抬头，乌鸦飞向画外但不重复返回。不要让狐狸跳上不可能的高度，也不要配拟人对白。 同一宽景把狐狸置右、乌鸦置左，雪面脚印随狐狸靠近逐个留下。翅膀第一次展开才有振翅声，乌鸦只向画面左上方飞走一次；狐狸在原处抬头，距离变化可追。,体验悄悄靠近,狐狸靠近后乌鸦飞起,轻雪声与翅声可辨,翅声发生在起飞时,动作同步,画外或环境,视觉质量、声音质量、音画同步、整体语义一致、物理合理性,通过,10,16:9
66,做10秒远程会议后的情绪转折。电脑屏幕停在同一份带修改标注的文档，年轻人摘下耳机叹气；手机响起，他接通，电话里的同伴只说“我已经改好前半部分”。他听完后肩膀放松，回到电脑，把光标移到文档后半部分开始继续改。电话声有手机传来的质感，屏幕内容与话语对应，不要用旁白补充两人关系或把修改瞬间全部完成。 电脑屏幕上的修改标注保留同一位置，来电只在摘耳机后响起。电话声略窄而近，同伴说完后年轻人才把光标移到后半部分；画面只展示开始修改，不在几秒内完成整份文档。,看见一个坏消息变轻,人物从焦虑转为继续工作,来电与一句话清晰,情绪变化发生在得知同伴帮助之后,语义驱动,画外或环境,视觉质量、声音质量、音画同步、整体语义一致、语音清晰与连贯,通过,10,16:9
67,做10秒简洁手绘节奏动画，画面只有一条蓝色粗线和黄色小点。声音按“低鼓两下、高音木琴两下、半拍停顿、低鼓一下、高音木琴一下、结尾低鼓一下”的顺序出现。蓝线每个低鼓点向外扩张一次，黄点只在木琴响时跳出；停顿时两者静止，结尾低鼓让蓝线收束成圆。颜色和位置稳定，不添其他图形或额外鼓点。 顶视固定平面构图，蓝线始终沿同一个圆心扩张，黄点只从线外侧跳出。半拍停顿时两种元素都保持静止，恢复后蓝线先响应低音、黄点再响应高音。,表现色彩里的节奏,蓝线对应低鼓、黄点对应木琴，半拍停顿时都不动,低鼓—木琴—半拍停顿—低鼓—木琴—低鼓的顺序清楚,每个可见变化落在对应音点，半拍停顿无新动作,节奏绑定,画内可见,视觉质量、声音质量、音画同步、整体语义一致,通过,10,16:9
68,拍10秒传统造纸工序的一小段，近景交代水槽、木框和接纸板。工人从纸浆水中水平抬起同一个木框，水先成细线流下，接着变为零星水滴；他等滴水明显减少才把木框翻向接纸板，让同一张湿纸轻贴板面，再抬走木框。流水声随滴落变稀，木框碰板只有一声。湿纸在转移前保持连续完整，不要凭空变成干燥白纸。 侧面近景把木框、水槽、接纸板排成从左到右的路径，工人始终处理同一张湿纸。滴水由细线变成零星水滴后才翻框贴板；木框碰板的一声在流水声基本落下之后。,感受手工的重量,同一张湿纸经沥水、翻框贴板，木框随后抬起,流水渐稀、木框碰板声清楚,滴水变稀后才翻框，贴板接触时才有一声轻碰,声音变化,画内可见,视觉质量、声音质量、音画同步、整体语义一致、物理合理性,通过,10,16:9
69,做10秒凌晨仓库收工片段。宽景看见工人、卷帘门、灯开关和远处推车通道。他先确认最后一辆推车离开，随后按开关让卷帘门匀速下落，金属滚动声随门板移动；门到底才有一声锁扣咔哒。他关掉顶灯，借着门旁常亮的出口灯沿已空的通道离开，推车声在远处慢慢消失。别让门尚未到底就上锁，也不要在关灯后突然变成白昼。 仓库宽景保持门轨、开关和最后一辆推车在同一空间，推车彻底离开门口才按下开关。门下降的金属声保持连续，锁扣在底边触地后响一次；关灯时保留远处推车尾音。,听到工作已经完成,门到底锁住、灯熄灭,滚动、锁扣、远去推车声可听,锁扣声发生在门到底时,声音变化,画内可见,视觉质量、声音质量、音画同步、整体语义一致,通过,10,16:9
70,拍10秒孩子做倒扣杯保干实验。透明水盆旁先展示一小团干纸巾塞在倒扣纸杯底部，孩子保持杯口朝下且杯身垂直，缓慢压入水中，水面在杯口外上升但空气留在杯内；他沿原路径垂直提杯，取出纸巾展开，纸巾仍干，轻声说“还是干的”。水声与入水、出水对应。不要倾斜杯子让水灌入后又神奇变干。 从盆侧面透明区域拍杯口与水线，杯始终竖直，纸巾在杯底不换位置。下压、停一秒、原路提起各有清楚阶段；只有取出后才展开纸巾作出结论，不靠剪镜藏步骤。,看懂一次小实验,纸巾入水后仍干燥,水声与惊讶一句可听,惊讶出现在打开杯子看见结果后,语义驱动,画内可见,视觉质量、声音质量、音画同步、整体语义一致、口型同步、语音清晰与连贯、物理合理性,通过,10,16:9
71,拍10秒游泳接力结束后的池边。最后一名选手刚触壁，双手扶池沿急促喘气，队友从右侧蹲下把毛巾搭在他肩上；他先抬眼看队友，对方竖拇指，他才慢慢笑。远处观众声保持模糊，近处水滴和呼吸清楚，喘息随休息略微放缓。镜头不切奖牌或成绩板，重点留在疲惫与支持的真实反应。 池边侧面近景保留选手触壁后的同一只手、队友和毛巾，队友从画面右侧蹲下。远观众声一直低于近处喘息，披上毛巾后呼吸逐渐放缓；笑容要晚于队友竖拇指。,表现比赛以外的瞬间,选手出水后得到队友支持,喘息和远处观众声层次分明,毛巾搭上后人物转头回应,动作同步,画内画外并存,视觉质量、声音质量、音画同步、整体语义一致,通过,10,16:9
72,拍10秒车内连续视角的天气突变。固定从副驾位置同时看见挡风玻璃、仪表台一角和驾驶者的手，车先行驶在晴朗街道，进入短隧道时外光变暗、轮胎声短暂回响；驶出另一端便进入真实大雨，雨点敲车顶和挡风玻璃，驾驶者开启雨刷。电台里同一段轻音乐从头到尾不换曲，雨声不能在尚未出隧道时就响起。不要切到车外视角。 固定副驾广角不改变车内机位，仪表台上的小挂件和驾驶者手部提供连续参照。前两秒晴天接近隧道，中间三秒洞内光线渐暗且轮胎回响增强，后五秒驶出进入大雨、司机开启雨刷；电台始终是同一首轻音乐，雨声不得提前进入隧道。,听见两种天气相遇,晴天、隧道、雨天转变连续,电台不断，路面与雨声变化,外部声音变化与驶出隧道同步,空间定位,画外或环境,视觉质量、声音质量、音画同步、整体语义一致、物理合理性,通过,10,16:9
73,做10秒小合唱团起唱前的片段。固定中景看清指挥的手和两排歌者的脸，台下零星咳嗽还可听见，歌者尚未开口；指挥抬手，大家一起吸气，咳嗽逐渐止住，落拍时第一句歌声整齐进入。每个人应在同一节奏上张口，只有一两人可有自然微小差异；镜头停留到第一句结束，不要靠剪到观众掌声掩盖起唱。 中景让指挥手势与两排歌者的嘴同框，指挥站在画面左前、歌者分两排留在右后方。前两秒台下仍有零星咳嗽，第三秒抬手只见集体吸气，落拍后才进入第一句“晨光来到窗前”；镜头停到句尾，口型与人声对应，台下咳嗽在起唱前自然止住。,捕捉演出前的呼吸,指挥落拍与两排歌者第一句开口一致,“晨光来到窗前”可听清，起唱前咳嗽止住,吸气在前、落拍后歌声同时进入,节奏绑定,画内画外并存,视觉质量、声音质量、音画同步、整体语义一致,通过,10,16:9
74,拍10秒考古现场的细小发现。近景交代同一块半埋陶片、软刷、沙土和考古工作者的手；右后方围栏外有一台缓慢驶过的挖掘机，她沿陶片边缘刷土时，机器低轰鸣逐渐盖过刷到硬物的轻响，她便停手。挖掘机驶远、刷沙声重新清楚后，她才继续，陶片边缘逐步露出，但仍只是一片碎片。 斜侧近景让软刷、陶片和沙土分层，机械声先在远处，驶近时盖过刷擦声，远去后才重新听清。陶片只露出原有边缘，不在切近时变成完整器皿。,体现物体的脆弱,右后方挖掘机驶过，陶片保持碎片形态,挖掘机轰鸣先盖过刷沙声、后逐渐远去,机器远去后才继续清理,声音变化,画外或环境,视觉质量、声音质量、音画同步、整体语义一致、物理合理性,通过,10,16:9
75,做10秒手工定格动画，一本折叠纸地图摊在桌上，镜头保持纸面纹理、折痕和标着“家”的小位置可见。地图沿折线一格格展开，画上的蓝色河流响起很轻的纸质水声；同一艘纸船沿河线逐帧滑动，到“家”旁停住，水声也停。纸船始终贴着地图，不要突然变成写实大船或让纸面流出真正海浪。手工移动的微小停顿可以保留。 顶视保持家标记位于画面右侧，纸船沿蓝线一步步向右滑。折页展开的纸响轻于背景水声，船到达标记旁时水声也止；纸面始终只是手工材料。,表现小小的空间魔法,地图打开、纸船沿线到家,纸张与细水声可辨,水声只伴随地图河流段,动作同步,画内可见,视觉质量、声音质量、音画同步、整体语义一致,通过,10,16:9
76,拍10秒夜间露营找钥匙的轻松片段。帐篷、桌脚和两位同伴始终有明确位置，寻找者在桌边摸索但看不到地上的钥匙；另一人轻摇手中的备用钥匙，金属声从右后方传来，他转头循声，手电扫过桌脚，才发现自己丢的那把钥匙躺在那里。他捡起并给同伴看，两人笑一下。摇钥匙的声源和被找到的钥匙要区分，照明足以辨认物件。 帐篷在左、桌脚居中、摇备用钥匙的人在右后方，金属声先引导寻找者转头。手电从右扫到桌脚才照出丢失的另一把钥匙；两把钥匙外观可区分，拾起后只拿走地上的那把。,体现方向被找到,钥匙最终在桌脚下被找到,轻微金属声可定位,找钥匙的人沿声音转身,先声后画,先画外后入画,视觉质量、声音质量、音画同步、整体语义一致,通过,10,16:9
77,做10秒争执后的厨房和解，不用闪回解释争执。两位室友一左一右各做各的事，彼此不看；左边的人烧好水，走到右边空杯旁，先停一秒再倒入热水。水壶出水声结束后，右边的人看杯子，轻声说“谢谢”，两人短暂对视，房间安静下来。镜头看得见水壶、空杯和两人的反应，台词不要被水声盖住，也不要用煽情配乐代替表演。 厨房固定双人中景，水壶在左、空杯在右，走过去的几步不能被切掉。水声停止后留下半秒静默，右边室友才回应；表情变化克制，房间底声始终很轻。,看见一段关系缓和,递水和接受形成和解动作,倒水声与谢谢清楚,回应发生在对方主动倒水之后,语义驱动,画内可见,视觉质量、声音质量、音画同步、整体语义一致、口型同步、语音清晰与连贯,通过,10,16:9
78,拍10秒机场停机坪上的引导动作。宽景让地勤、引导棒、地面停机线和同一架小飞机的前轮同时可见；地勤先用两棒示意左转，飞机收到手势后缓慢修正方向，前轮沿标线接近目标；地勤把双棒交叉作停止手势后飞机才停稳，减速时发动机推力声逐渐降低，停稳后仍有低鸣，他随后放下手臂。飞机不能在手势之前瞬间转向，轮子与标线的位置要连续，不加飞行中的空镜。 停机坪固定远中景让小飞机前轮和引导线不离画，地勤的荧光背心与两根引导棒始终可辨。前四秒飞机沿线缓行并按左转手势修正，接着地勤把棒交叉，末三秒轮子减速到静止、发动机由强转弱；左转手势先出现，前轮方向随后才可见地变化。,表现两个系统同步,地勤先示左转，前轮随后转向；交叉停止后飞机停稳,引擎减速时变弱，停稳后仍有低鸣,引导手势先于对应的飞机动作，放手在停稳之后,动作同步,画内可见,视觉质量、声音质量、音画同步、整体语义一致、物理合理性,通过,10,16:9
79,做10秒黎明前海豚短暂出现的船上观察片段。镜头在轻晃的小船上保持同一海面方向，观察者先盯着安静水面；两只海豚先后在船侧约二十米外跃起，各落水一次，水花声在实际入水后到来。观察者轻声叫同伴，同伴转头时只看见水面余波，两人相视惊喜。不要重复循环同一跃起，也不要让近处声音对应远处没有出现的海豚。 船上机位只随浪轻晃，远海面保持同一方向，两只海豚分别在画面左、右中距离海面跃起各一次。落水后水花声稍迟且较远；同伴转头时跃起已结束，只剩两片余波。,抓住稀有的片刻,两只海豚在船侧约二十米处先后各跃出一次,两次较远的落水声和人的轻声招呼可辨,落水声略晚于对应入水画面，观察者之后才叫同伴,动作同步,画内可见,视觉质量、声音质量、音画同步、整体语义一致、物理合理性,通过,10,16:9
80,拍10秒祖孙对话，地点是四川家庭的客厅。老人用自然四川话说“小时候我们去赶场”，年轻人没听懂，用普通话问“赶场是什么意思？”老人仍用四川话放慢语速重复“赶场，就是赶集”，同时用手比出挑担的动作，年轻人才点头。三轮人声先后清楚，老人的四川口音与年轻人的普通话要听得出区别，口型对应各自台词；不靠字幕代替听懂的过程。 双人近景保持两人的嘴和手同时可见，老人坐左、年轻人坐右，背景只留安静的室内底声。三轮话各占约两秒，中间留自然停顿；老人重复词语时语速放慢并比出挑担动作，年轻人听完解释才点头。,拍一段真正的倾听,四川家庭客厅里，老人重复“赶场”并比出挑担动作,老人自然四川话、年轻人普通话可区分；三轮台词清楚,老人重复词语、手势、年轻人理解反应依次出现，口型对应,语义驱动,画内可见,视觉质量、声音质量、音画同步、整体语义一致、口型同步、语音清晰与连贯,通过,10,16:9
81,做10秒纸偶定格动画。桌面上大、中、小三只纸偶围着唯一一个铃铛传递，每只纸偶接过铃铛后轻摇一次，金属舌碰壳才响，只有正在摇铃的纸偶颜色暂时变亮；下一只接手时上一只恢复原色，交接时不凭空响铃。最后最小的纸偶摇铃，另外两只停下看它，铃声余音散去后结束。保持三只纸偶大小和位置清楚，不要凭空多出铃铛或让未触碰者先发声。 顶视固定机位让大、中、小三只纸偶与唯一铃铛全程可数，铃铛只在持有者手中移动。每次交接后前一只颜色立即恢复；最小纸偶最后摇铃，余音散去时三只都静止。,营造游戏规则的乐趣,同一铃铛在三只纸偶间依次传递，摇铃者才变亮,只有金属舌碰壳时响铃，交接时无额外铃声,每次可见轻摇对应一次铃声，最小纸偶最后摇铃,节奏绑定,画内可见,视觉质量、声音质量、音画同步、整体语义一致,通过,10,16:9
82,做10秒旧相机重新工作的小片段。桌上相机的磨损和电池仓都看得见，年轻人打开仓盖，取出旧电池放旁边，装入新电池并合上；取景窗亮起后她才举起相机，对准窗边坐着的祖母，按下快门。祖母听到熟悉的机械快门声抬头一笑。相机前后必须是同一台，快门声只在按下时出现，不做泛黄回忆蒙太奇。 桌面近景先给旧电池被放到左边，再给新电池从右边装入，电池仓盖合上后才有取景窗亮光。举起相机时磨损痕迹仍在同一侧，快门只响一次，祖母在响后抬头。,呈现旧物的记忆,同一相机重新工作并拍到祖母,快门声清楚,祖母在快门声后抬头,动作同步,画内可见,视觉质量、声音质量、音画同步、整体语义一致,通过,10,16:9
83,拍10秒农人抢在小雨前盖谷物。田边晒谷的竹席、棚顶和天空始终在同一场景；几只燕子低飞掠过，远处云层压近，农人抬头说“要下雨了”。他拉过防雨布，先固定近侧再压住远侧边角，刚盖好时第一批雨点才敲到棚顶。雨声从零星开始，不能一瞬间变成淹没农田的暴雨。画面让布、谷物和雨点之间的因果清楚。 固定宽景交代晒谷竹席在前、棚顶在后，燕子低飞与云层压近只是雨的预兆。农人拉布时先固定近端再压远端，第一批雨点只在布完全盖好后落下，棚顶敲击由疏变密。,感受天气预测被证实,盖好谷物后开始下雨,一句判断与棚顶雨点声可听,雨声出现在遮盖完成之后,语义驱动,画外或环境,视觉质量、声音质量、音画同步、整体语义一致、口型同步、语音清晰与连贯,通过,10,16:9
84,做10秒地下通道里的大提琴余音。镜头同时看见街头演奏者和站在几步外的路人；演奏者拉完最后一个低音，弓离弦后不再有新的音，但余音在空通道里逐渐衰减。路人先静静听，等余音几乎散去才轻拍两下手掌，演奏者抬头致意。掌声不得盖住结尾的余音，镜头不切成剧院舞台，也不用额外配乐铺情绪。 地下通道一处双人中景保留琴弓、路人和空出的深处，弓离弦后没有新音，余响可逐渐变弱。路人的两下轻掌声在尾音快散尽时才出现，声音位置比琴声更靠近镜头。,形成紧凑的音乐收尾,弓停后路人才鼓掌,低音余响与掌声先后清楚,掌声在余音结束后出现,声音变化,画内可见,视觉质量、声音质量、音画同步、整体语义一致,通过,10,16:9
85,拍10秒海面上一只成年海獭与幼獭的真实觅食，中景保持两只身体、贝壳和敲壳的小石头都可见。左边成年海獭把贝壳放在胸前，用小石头敲两下打开；右边幼獭靠近，成年海獭才分给它一小块贝肉。水面随身体移动有小波纹，敲击声只在石头触壳时出现。贝壳始终留在成年海獭身边，也不要加人类对白或夸张表情。 海面中景中成年海獭先稳住同一只贝壳，再敲两下打开；幼獭靠近后才分到一小块贝肉。贝壳始终在成年海獭胸前可见。,观察成年海獭分食幼獭,成年海獭胸前的贝壳被敲开后，幼獭得到一小块贝肉,两次石碰壳声只在可见接触时出现,幼獭靠近在后，分食发生在开壳之后,动作同步,画内可见,视觉质量、声音质量、音画同步、整体语义一致、物理合理性,通过,10,16:9
86,拍10秒邮筒前的一次决定。学生拿着封好的信站定，手指轻敲信封边缘，敲声断断续续；她抬头看邮筒投入口，犹豫后把同一封信推进去。信从手里完全松开后，箱内传出一声轻落响，她听到才放松肩膀，转身离开。镜头不展示信的内容，投信动作和落入声之间保留合理短延迟，不要让信在投入后又回到手里。 侧面中近景始终看到学生手、邮筒投入口和信封，手指敲声在决定投入前断续出现。信完全离手后，箱内落声才稍迟传出；学生听到后肩膀慢慢放松，最后离开画面。,让观众识别人物心情,信确实进入邮筒，人物放松,手指敲纸和落箱声可辨,放松发生在确认落箱声后,动作同步,画内可见,视觉质量、声音质量、音画同步、整体语义一致,通过,10,16:9
87,做10秒深夜父亲修椅脚的轻声转变。客厅里椅子一脚松动，父亲拿锤子轻敲一下，隔壁婴儿房传来翻身和短促哼声；他停住侧耳，放下锤子，改用手拧紧椅脚螺母，轻推椅子确认不再晃。后半段只剩手指摩擦和木椅轻移，婴儿没有被吵醒。声音的变化必须跟他的工具选择对应，不要出现未展示的第二个人帮忙。 客厅固定机位把椅脚放前景、婴儿房门置后方，第一下锤声使父亲立即停手。隔门婴儿只轻哼一次，他放下锤子后拧螺母两圈，最后轻推椅子测试而不再发出敲击。,表现音量控制,敲击后改用安静方式修好椅脚,敲击声、婴儿动静、轻微拧动声可听,婴儿动静触发父亲改变做法,声音变化,画内可见,视觉质量、声音质量、音画同步、整体语义一致,通过,10,16:9
88,拍10秒涨潮时岩石上的一小片藤壶，近景仍保留水线和岩石整体位置。海水先只舔到岩石下缘，壳板紧闭；水线逐渐没过这一小片，水流变缓后几只藤壶先后打开壳板、伸出细小蔓足，并非整片同时弹开。近处水声随着水线靠近变清楚，声音来自真实潮水而非怪异生物音效。镜头不要换成另一块岩石来完成水位变化。 侧面近景同时保留岩石下缘和水线，潮水用渐进推进而非突涨没过贝类。几只藤壶先后打开壳板、伸出蔓足，不同个体间留可见间隔；水声随水线靠近渐强但没有拟人音。,记录一次自然节律,潮水没过同一片藤壶后，几只先后伸出细小蔓足,海水声随水线靠近增强,壳板打开和伸足发生在被水覆盖之后,声音变化,画内可见,视觉质量、声音质量、音画同步、整体语义一致、物理合理性,通过,10,16:9
89,拍10秒远距离牧场放羊的因果过程。宽景同时交代牧羊人位于左后方、犬在羊群右侧、围栏在前方。牧羊人吹一次短哨，狗先抬头确认方向，再绕到羊群外侧小跑，羊群在它靠近后慢慢改变方向并朝围栏走。哨声只出现一次，狗不能未听哨就开始绕行，羊群也不能同时整体转身；草地风声维持真实距离。 宽景把牧羊人在左后方、犬在右侧、围栏在前方固定下来，哨声只一次。犬先抬头再绕羊群外侧，最靠近犬的几只羊先转向，其余随后跟随，不让整群同帧瞬间转身。,感受一条消息送达,狗按哨声移动并引导羊群,哨声清楚且只一次,狗在哨声后反应，羊群再转向,语义驱动,画内可见,视觉质量、声音质量、音画同步、整体语义一致,通过,10,16:9
90,做10秒小餐馆里一次简短的跨语言沟通，三人同框关系清楚。外籍顾客指着菜单用英语问“Is it spicy?”，服务员听清英语却没理解，侧头看同事；同事先用中文说明顾客在问辣度，服务员再看向顾客用简短英语回答“Just a little spicy”。顾客听完点头。每人只在自己说话时开口，轮次不重叠，镜头别切到无关菜品，回答要与问题一致。 三人同框时顾客在左、服务员居中、同事在右，菜单始终由顾客手指向同一道菜。顾客提问占前两秒，服务员没理解的表情停半秒，同事用中文解释后服务员才用英语回答；三人的开口轮次不重叠，口型与两种语言各自对应。,体会两种语言接力,服务员听懂同事翻译后向同一位顾客回答,英语问答和中文解释依次清楚,三人开口轮次不重叠，口型与各自语言对应,语义驱动,画内可见,视觉质量、声音质量、音画同步、整体语义一致、口型同步、语音清晰与连贯,通过,10,16:9
91,拍10秒玻璃工坊里新手控制形状的片段。镜头保留同一根吹管、玻璃团、火炉口和师傅的位置；新手一边缓慢转管一边轻吹，玻璃从略不规则的形状逐步趋圆，转速一快便有偏坠趋势。师傅在旁说“慢一点”，他减慢转动，玻璃团重新稳定，最后继续保持旋转。炉火低鸣始终在背景，说话只在师傅开口时出现，不要瞬间跳成成品花瓶。 中景保持吹管、玻璃团与炉口相对位置，形状只由略偏坠逐步调整为较圆，不在十秒内制成器皿。师傅提醒时新手真正减缓转管，炉火低鸣始终在背景。,看见新手逐渐控制住玻璃形状,放慢转动后玻璃形状稳定,炉火底声与师傅提示可听,提示促使新手减速,语义驱动,画内可见,视觉质量、声音质量、音画同步、整体语义一致、口型同步、语音清晰与连贯,通过,10,16:9
92,拍10秒山谷里的闪电与雷声时间差。固定宽景能看见远处山脊和前景拍照的人，云层先闪亮，他本能地按下快门；画面亮度恢复后过一两秒，低雷才从谷里传来，他被声音惊到，放下相机看向天空。快门一声在闪光后，雷声在更后面，三者不能叠成同一瞬间。不要加入爆炸火球或让山谷突然换季。 固定宽景把山脊置远处、摄影师置前景，闪光只照亮云层而不出现火球。快门在闪光后先响一声，雷声再晚一到两秒到达；人物只对后来的雷声明显回头。,表现光与声的错位,闪光、快门、雷声反应按顺序,雷声有谷地回响,可见闪电早于雷声,声光延迟,画外或环境,视觉质量、声音质量、音画同步、整体语义一致、物理合理性,通过,10,16:9
93,做10秒真实车站里的无障碍导向片段。视障乘客站在盲文指示牌旁，手指先沿凸点摸到站台信息；右前方导向柱随后清楚播报“二号站台，向右前方”，他听完转身，用盲杖从脚前向右探到地面的引导线，再沿线走出两步。镜头始终交代牌、柱、导向线的相对方向，播报不能与实际路线矛盾，不用其他人替他牵引或说明。 侧面中景同时交代盲文牌、右前方导向柱和地面引导线，柱体仍可见但不挡住乘客路线。前段手指沿凸点移动，中段完整播报，后段乘客才转身、用盲杖探到右前方触感线并迈出两步；盲杖点地的节奏不能盖住播报，方向始终一致。,展示机器与人互相适应,乘客沿右前方导向线走出两步,播报“二号站台，向右前方”清楚,转身和盲杖探路均在完整播报之后，方向一致,语义驱动,画内可见,视觉质量、声音质量、音画同步、整体语义一致、语音清晰与连贯,通过,10,16:9
94,拍10秒街头篮球独自练投的连续片段。侧面中景始终保留同一个人、球和篮筐。第一次出手碰到篮筐前沿，球弹回地面后他亲手捡起；他调整手腕和出手弧线，第二次球越过前沿干净落网。第一次是一次硬质碰框声，第二次是较软的刷网声，均与实际接触同步。 侧面中景不切镜，同一人始终使用并捡回同一颗球，十秒只完成两次出手和一次捡球。前四秒第一次投篮碰框并弹回，中间两秒捡球与调整，后四秒第二次出手、球入网；第一次硬碰框、第二次软刷网，两声不能互换，篮筐和地面落点都能看见。,感受一次失败后的调整,第一次碰框弹回并亲手捡球，第二次调整后入网；只有两次出手,第一次硬碰框，第二次软刷网,两次接触各有一次对应声音，连续单镜可看懂,声音变化,画内可见,视觉质量、声音质量、音画同步、整体语义一致、物理合理性,通过,10,16:9
95,做10秒小镇清晨舞狮队经过巷口的片段。店铺大多没开，镜头从二楼窗边俯看空街；先听到远处间隔分明的铜锣与脚步，巷口尚无人，随后同一支小舞狮队转入画面，锣声随距离变近。店主推窗向下看，确认队伍后挥手，队伍从窗下继续走过。不要一转弯就把街道塞满观众，也不要让锣声来自舞狮队相反方向。 从二楼窗边固定俯看空街，锣声从巷口远处逐渐接近，舞狮队先露旗杆再露狮头。店主听到后才开窗，队伍从下方经过时铜锣变近，走远后再变弱。,通过声音看到节日,舞狮队从巷口进入并引出店主,铜锣由远到近,店主在声音接近后推窗,先声后画,先画外后入画,视觉质量、声音质量、音画同步、整体语义一致,通过,10,16:9
96,拍10秒夜间保安巡查大厅的一点私心。远景让巡逻路线、钢琴和空大厅可见，他走到琴旁停步，先回头确认四周无人，再用一根手指弹三个轻音；第三个音的余响还在，他赶紧收手继续走，走两步又回头笑一下。琴键声必须对应实际按下的三次，鞋底声在停步时停下，大厅回响自然，不加背景音乐或突然出现听众。 大厅宽景先交代保安巡逻路线与钢琴位置，再用一处侧面近景保留手指和琴键。三次按键间隔分明，鞋底声在他停步时消失，弹完继续走后才重新出现。,表现角色的小秘密,保安短暂停下弹琴再巡逻,三个琴音和脚步可听,琴声只在手触键时出现,动作同步,画内可见,视觉质量、声音质量、音画同步、整体语义一致,通过,10,16:9
97,做10秒渡船离岸前的告别。码头上旅客把借来的书交还朋友，朋友翻到自己事先夹了便签的一页，便签上清楚写着“下次一起看海”；旅客看见后，两人才会意地笑。身后即将开航、短舷梯仍搭在码头边的同一艘渡船鸣笛，旅客转身上船，两人隔着船舷与码头挥手。近景可切到船边宽景，但两人的衣服、书、便签和码头方向保持一致。 码头近景先看书与便签在两人之间交还，旅客穿浅色外套、朋友穿深色外套，渡船位于旅客身后。前四秒完成还书和会意一笑，笛声响起才切同方向宽景，后六秒走过短舷梯、站在船舷挥手；船尚未离岸；衣着和书都保持一致，朋友留在近处码头，旅客站在船舷，仍能看见码头上的朋友。,记录一段克制的告别,便签“下次一起看海”可读；还书、登船、隔着船舷挥手连续,渡船笛声来自旅客身后的同一艘船,看见便签后才会意一笑，鸣笛引出登船，结尾船尚未离岸,语义驱动,画内可见,视觉质量、声音质量、音画同步、整体语义一致、人脸一致性、画面文字,通过,10,16:9
98,拍10秒野外摄影师等鸟的片段。镜头先同时看见空树枝、相机和摄影师视线，风吹叶子但枝上没有鸟；一只颜色醒目的小鸟从画外落到同一枝上，停稳后鸣叫一次，再跳到右侧稍高的一枝。摄影师听见后才迅速调整焦距，镜头短暂由模糊转清楚。鸟叫应来自可见的鸟，不用鼓点制造惊吓，也不要让鸟在两枝间瞬移。 固定朝向同一片树林，摄影师相机在下缘、空树枝居中；鸟从左画外落到枝上，停稳才叫一次。摄影师的调焦动作随后发生，主观视野从模糊变清楚时鸟仍在同一枝。,呈现微小的惊喜,同一树林方向里，小鸟落枝后摄影师调焦,鸟叫与树叶风声清楚,鸟停稳后才鸣叫，摄影师听见后才调焦,动作同步,画内可见,视觉质量、声音质量、音画同步、整体语义一致,通过,10,16:9
99,做10秒深夜天文台里的共同发现。显示器上同一条观测曲线已出现两个间距相近的尖峰，第三个峰在原坐标轴右侧逐步显现，形成等间隔的三个峰；年轻研究员靠近确认，摘下一侧耳机叫身后的同事。同事走到他肩旁，两人一起看屏幕，他指向第三个峰值，停在共同确认的安静一刻。仪器低鸣持续稳定，曲线不跳成新界面。 侧后方中景同时看到研究员肩部、曲线屏幕和同事走来的路径；曲线只在原坐标轴上逐步显出峰值。摘下一侧耳机只改变他自己听到的声音，不改变房间里的仪器低鸣。,留下一个开放结尾,同一坐标轴上第三个峰显现，形成三个近等间隔尖峰,仪器低鸣持续，研究员叫同事的声音清楚,看到第三峰后才叫人，耳机摘下不改变房间声,语义驱动,画外或环境,视觉质量、声音质量、音画同步、整体语义一致、口型同步、语音清晰与连贯,通过,10,16:9
100,拍10秒邻居被定时器声引到门口的日常片段。楼道里隔壁门内持续传出短促的厨房计时器声，邻居敲门无人应，站在门边听见声音仍在；屋主这时从楼梯走上来，认出是自己家，开门进屋按掉台面上的计时器，响声立即停止。邻居看清只是计时器后松一口气。镜头让楼道门、屋主与室内声源连贯，不要通过门缝看穿关着的门，也不要暗示火灾。 固定楼道至厨房门口的空间轴线，计时器起初被门隔住而偏闷。屋主从楼梯进入、开门后声响变清楚，镜头随后才看到台面上的计时器；按键可见，停声立即发生。,让简单动作有结果,计时器被屋主按掉,铃声停止,按下计时器后立即安静,动作同步,画内可见,视觉质量、声音质量、音画同步、整体语义一致,通过,10,16:9
