层级,项目,判定方式,使用范围
题面,独立创作,从零构思每条场景；不从现有题干、参考视频或公开基准题目改写。,100题均适用
题面,10秒可完成,关键事件在10秒内建立原因、变化和结果；明确主体与关键物件的位置、动作先后、声源变化节点和结尾状态。只有事件需要时才规定切镜。,100题均适用
题面,观看目的,观看目的先于标签；一题只保留一个主要观看结果。,100题均适用
题面,三类检查点,分别写画面、声音和声画关系的可观察证据；检查点应能指出具体物件、动作或声音发生的时刻。检查点留在题外，不送入生成模型。,100题均适用
标签,声画关系类型,只标最核心的关系：动作同步、先声后画、空间定位、声音变化、语义驱动、节奏绑定、声光延迟。,一题一个主标签
标签,主声源呈现,区分画内可见、先画外后入画、画外或环境、画内画外并存；以推动事件的主声源为准。,一题一个主标签
结果,基础评测项,视觉质量、声音质量、音画同步、整体语义一致。,100题均适用
结果,条件评测项,口型只用于可见说话者；文字只用于可读文字；人脸一致性只用于跨镜同一人物；音高、语音和物理项按题意启用。,见各题“适用评测项”
结果,盲评记录,生成后对每个检查点记录达标、部分达标或未达标，并写具体证据；如做A/B比较再记录偏好。,生成后填写
边界,题面自检,“通过”只代表题面完整、初步去重和事件顺序自检；正式入库仍需记录人工复核结论及原因，不代表生成模型实测。,100题均适用
,,,
参考方法,来源,借鉴内容,与本题集关系
AVGen-Bench,https://github.com/microsoft/AVGen-Bench,多粒度视觉、声音、同步与专项评测模块,只借鉴评测维度，不借用题目
T2AV-Compass,https://github.com/NJU-LINK/T2AV-Compass,逐题检查清单与跨模态评估,只借鉴检查方法，不借用题目
PRISM-Bench,https://arxiv.org/abs/2609.04867,声音类型与声源呈现交叉诊断,只借鉴诊断视角，不借用题目
